{
  "accuracy": 0.5,
  "balanced_accuracy": 0.4008116883116883,
  "mae": 0.6419753086419753
}