{
  "accuracy": 0.5048076923076923,
  "balanced_accuracy": 0.41550110938031637,
  "mae": 0.6362179487179487
}