{
  "accuracy": 0.5031645569620253,
  "balanced_accuracy": 0.4098652417439673,
  "mae": 0.6360759493670886
}