{
  "accuracy": 0.5081168831168831,
  "balanced_accuracy": 0.5188276074436565,
  "mae": 0.6314935064935064
}