{
  "accuracy": 0.49096385542168675,
  "balanced_accuracy": 0.3903226020813234,
  "mae": 0.6566265060240963
}