{
  "accuracy": 0.4752906976744186,
  "balanced_accuracy": 0.35027256117610106,
  "mae": 0.6787790697674418
}