{
  "accuracy": 0.5015625,
  "balanced_accuracy": 0.40522644489730164,
  "mae": 0.6375
}